IsCanceled,LeadTime,ArrivalDateYear,ArrivalDateMonth,ArrivalDateWeekNumber,ArrivalDateDayOfMonth,StaysInWeekendNights,StaysInWeekNights,Adults,Children,Babies,Meal,Country,MarketSegment,DistributionChannel,IsRepeatedGuest,PreviousCancellations,PreviousBookingsNotCanceled,ReservedRoomType,AssignedRoomType,BookingChanges,DepositType,Agent,Company,DaysInWaitingList,CustomerType,ADR,RequiredCarParkingSpaces,TotalOfSpecialRequests,ReservationStatus,ReservationStatusDate,Rand
0,363,2016,October,42,11,0,5,1,0,0,BB       ,GBR,Groups,Corporate,0,0,0,A               ,A               ,1,No Deposit     ,       NULL,223,0,Transient-Party,60,0,0,Check-Out,2016-10-16,1203
0,5,2017,January,2,10,0,1,1,0,0,BB       ,PRT,Corporate,Corporate,0,0,0,A               ,D               ,0,No Deposit     ,       NULL,112,0,Transient,42,1,0,Check-Out,2017-01-11,1418
0,7,2016,October,41,5,0,4,2,0,0,BB       ,GBR,Groups,Corporate,0,0,0,A               ,A               ,1,No Deposit     ,       NULL,405,0,Transient-Party,50,0,1,Check-Out,2016-10-09,1598
0,0,2016,March,12,15,0,1,1,0,0,BB       ,PRT,Direct,Corporate,1,1,11,A               ,A               ,0,No Deposit     ,47,       NULL,0,Transient,30,0,0,Check-Out,2016-03-16,2032
0,11,2016,October,42,9,1,0,2,0,0,BB       ,GBR,Groups,Corporate,0,0,0,A               ,A               ,0,No Deposit     ,       NULL,405,0,Transient-Party,56,1,1,Check-Out,2016-10-10,2060
0,0,2017,March,13,27,1,2,2,0,0,BB       ,PRT,Corporate,Corporate,0,0,0,A               ,A               ,0,No Deposit     ,337,       NULL,0,Transient,60,0,0,Check-Out,2017-03-30,2362
0,31,2015,October,41,6,0,5,3,0,0,BB       ,PRT,Corporate,Corporate,0,0,0,A               ,A               ,2,No Deposit     ,       NULL,       NULL,0,Transient,80,0,0,Check-Out,2015-10-11,2391
0,2,2016,December,51,14,0,1,1,0,0,BB       ,PRT,Corporate,Corporate,1,0,1,A               ,D               ,0,No Deposit     ,       NULL,331,0,Transient-Party,39,0,0,Check-Out,2016-12-15,2421
0,2,2017,January,3,18,0,2,1,0,0,BB       ,PRT,Corporate,Corporate,0,0,0,A               ,C               ,0,No Deposit     ,       NULL,178,0,Transient,35,0,0,Check-Out,2017-01-20,3682
0,1,2017,March,10,7,0,1,1,0,0,BB       ,PRT,Corporate,Corporate,0,0,0,A               ,D               ,0,No Deposit     ,       NULL,511,0,Transient,45,0,0,Check-Out,2017-03-08,4584
0,4,2016,July,31,26,0,1,1,0,0,BB       ,PRT,Corporate,Corporate,0,0,0,A               ,E               ,0,No Deposit     ,       NULL,428,0,Transient,118,0,0,Check-Out,2016-07-27,4619
0,364,2016,October,42,12,1,4,2,0,0,BB       ,GBR,Groups,Corporate,0,0,0,A               ,A               ,3,No Deposit     ,       NULL,223,0,Transient-Party,66,0,0,Check-Out,2016-10-17,4871
0,1,2016,April,17,20,0,1,1,0,0,BB       ,PRT,Corporate,Corporate,1,0,1,A               ,A               ,0,No Deposit     ,       NULL,12,0,Transient,42,0,0,Check-Out,2016-04-21,4885
0,0,2016,March,12,14,1,3,1,0,0,BB       ,PRT,Corporate,Corporate,1,0,2,A               ,A               ,0,No Deposit     ,       NULL,47,0,Transient,30,0,0,Check-Out,2016-03-18,5884
0,6,2016,May,20,11,0,0,2,0,0,BB       ,PRT,Corporate,Corporate,0,0,0,E               ,I               ,0,No Deposit     ,       NULL,110,0,Transient,0,0,0,Check-Out,2016-05-11,6513
0,0,2016,February,9,25,0,0,1,0,0,BB       ,PRT,Corporate,Corporate,1,0,0,A               ,E               ,0,No Deposit     ,       NULL,287,0,Transient,0,0,0,Check-Out,2016-02-25,7016
0,37,2015,November,46,8,2,5,1,0,0,BB       ,PRT,Corporate,Corporate,0,0,0,A               ,A               ,1,No Deposit     ,185,281,0,Transient-Party,36,0,0,Check-Out,2015-11-15,7045
0,3,2017,February,5,2,0,2,1,0,0,BB       ,PRT,Corporate,Corporate,0,0,0,A               ,A               ,0,No Deposit     ,       NULL,159,0,Transient,35,0,1,Check-Out,2017-02-04,7224
1,9,2017,April,16,19,0,1,1,0,0,BB       ,PRT,Corporate,Corporate,0,0,0,A               ,A               ,0,No Deposit     ,       NULL,269,0,Transient,45,0,0,Canceled,2017-04-19,7283
0,30,2016,September,40,28,0,1,1,0,0,BB       ,PRT,Corporate,Corporate,1,0,6,A               ,A               ,1,No Deposit     ,       NULL,380,0,Transient,65,0,0,Check-Out,2016-09-29,7583
0,23,2017,March,13,29,0,2,1,0,0,BB       ,PRT,Corporate,Corporate,1,0,2,A               ,A               ,0,No Deposit     ,       NULL,254,0,Transient,35,0,0,Check-Out,2017-03-31,7944
0,7,2016,March,10,1,0,2,1,0,0,BB       ,PRT,Corporate,Corporate,1,1,0,A               ,D               ,0,No Deposit     ,       NULL,       NULL,0,Transient,40,0,0,Check-Out,2016-03-03,8143
1,37,2015,November,46,11,0,4,2,1,0,BB       ,PRT,Corporate,Corporate,0,0,0,A               ,A               ,0,No Deposit     ,281,       NULL,0,Contract,63,0,2,Canceled,2015-11-05,8305
0,39,2016,October,44,23,1,0,2,0,0,BB       ,GBR,Offline TA/TO,Corporate,0,0,0,A               ,A               ,0,No Deposit     ,8,       NULL,0,Transient,47,0,0,Check-Out,2016-10-24,8863
1,259,2015,September,38,17,0,3,2,0,0,BB       ,GBR,Groups,Corporate,0,1,0,A               ,A               ,0,Non Refund     ,       NULL,223,0,Transient,40.05,0,0,Canceled,2015-01-21,9652
0,4,2016,July,31,26,0,1,1,0,0,BB       ,PRT,Corporate,Corporate,0,0,0,A               ,C               ,0,No Deposit     ,       NULL,428,0,Transient,118,0,0,Check-Out,2016-07-27,10404
1,3,2015,July,29,16,0,2,1,0,0,BB       ,PRT,Corporate,Corporate,1,1,3,A               ,A               ,3,No Deposit     ,       NULL,77,0,Transient,114,0,0,Canceled,2015-07-15,10482
0,386,2016,October,43,20,1,3,2,0,0,BB       ,GBR,Groups,Corporate,0,0,0,A               ,A               ,2,No Deposit     ,       NULL,       NULL,0,Transient-Party,49,0,0,Check-Out,2016-10-24,10611
0,1,2017,March,12,21,0,2,1,0,0,BB       ,PRT,Corporate,Corporate,0,2,9,A               ,D               ,0,No Deposit     ,       NULL,86,0,Transient,45,0,0,Check-Out,2017-03-23,11110
1,27,2017,May,20,18,0,1,1,0,0,BB       ,PRT,Corporate,Corporate,0,0,0,A               ,A               ,0,No Deposit     ,       NULL,331,0,Transient,69,0,0,Canceled,2017-05-02,11417
0,15,2015,November,47,21,0,1,2,1,0,BB       ,PRT,Corporate,Corporate,0,0,0,A               ,G               ,1,No Deposit     ,       NULL,342,0,Transient-Party,44,0,0,Check-Out,2015-11-22,11789
0,8,2016,October,41,6,1,3,2,0,0,BB       ,GBR,Groups,Corporate,0,0,0,A               ,A               ,1,No Deposit     ,       NULL,405,0,Transient-Party,58,1,0,Check-Out,2016-10-10,11797
0,70,2017,February,8,22,0,4,3,0,0,BB       ,GBR,Corporate,Corporate,0,0,0,A               ,C               ,3,No Deposit     ,       NULL,405,0,Transient-Party,58,0,0,Check-Out,2017-02-26,11877
1,76,2016,November,49,29,0,2,2,0,0,BB       ,PRT,Groups,Corporate,0,0,0,E               ,E               ,0,No Deposit     ,       NULL,       NULL,0,Transient-Party,50,0,0,Canceled,2016-11-17,12200
0,15,2015,November,47,21,0,1,2,2,0,BB       ,PRT,Corporate,Corporate,0,0,0,C               ,H               ,3,No Deposit     ,       NULL,342,0,Transient-Party,56,0,0,Check-Out,2015-11-22,12401
0,4,2017,May,19,8,1,0,1,0,0,BB       ,PRT,Corporate,Corporate,0,0,5,A               ,D               ,0,No Deposit     ,       NULL,62,0,Transient,45,0,0,Check-Out,2017-05-09,12599
0,0,2016,April,17,18,1,0,1,0,0,BB       ,PRT,Corporate,Corporate,1,0,1,A               ,D               ,0,No Deposit     ,       NULL,135,0,Transient,42,1,0,Check-Out,2016-04-19,12727
0,15,2016,December,52,21,0,1,1,0,0,BB       ,PRT,Corporate,Corporate,1,0,6,A               ,D               ,1,No Deposit     ,       NULL,154,0,Transient,27,0,0,Check-Out,2016-12-22,12866
0,0,2016,April,18,26,0,2,1,0,0,BB       ,NULL,Corporate,Corporate,0,0,3,A               ,D               ,0,No Deposit     ,       NULL,103,0,Transient,42,0,0,Check-Out,2016-04-28,12894
1,259,2015,September,38,17,0,3,1,0,0,BB       ,GBR,Groups,Corporate,0,1,0,A               ,A               ,0,Non Refund     ,       NULL,223,0,Transient,33.3,0,0,Canceled,2015-01-21,12944
0,5,2016,April,15,5,0,2,1,0,0,BB       ,PRT,Corporate,Corporate,0,1,4,A               ,D               ,0,No Deposit     ,       NULL,94,0,Transient,39,0,0,Check-Out,2016-04-07,12965
0,11,2017,May,19,8,1,1,1,0,0,BB       ,PRT,Corporate,Corporate,0,1,13,A               ,E               ,0,No Deposit     ,       NULL,292,0,Transient,48.5,1,1,Check-Out,2017-05-10,12981
0,17,2017,February,6,6,1,0,1,0,0,BB       ,PRT,Corporate,Corporate,0,0,0,A               ,D               ,0,No Deposit     ,       NULL,490,0,Transient,36,0,0,Check-Out,2017-02-07,13201
1,103,2017,March,13,27,1,1,2,0,0,BB       ,PRT,Groups,Corporate,0,0,0,D               ,D               ,0,Non Refund     ,495,       NULL,0,Transient,65,0,0,Canceled,2016-12-23,13320
0,8,2016,October,41,6,1,3,2,0,0,BB       ,ESP,Groups,Corporate,0,0,0,A               ,A               ,1,No Deposit     ,       NULL,405,0,Transient-Party,50,0,0,Check-Out,2016-10-10,13338
0,1,2016,October,42,15,2,5,2,0,0,HB       ,AUT,Groups,Corporate,0,0,0,E               ,A               ,0,No Deposit     ,       NULL,       NULL,0,Transient,54.43,0,1,Check-Out,2016-10-22,13598
0,0,2016,May,23,30,1,3,1,0,0,BB       ,PRT,Corporate,Corporate,0,0,0,A               ,A               ,1,No Deposit     ,       NULL,47,0,Transient,57,0,0,Check-Out,2016-06-03,14222
0,287,2015,October,42,15,1,3,2,0,0,BB       ,GBR,Groups,Corporate,0,0,0,A               ,D               ,0,No Deposit     ,       NULL,223,0,Transient-Party,52.5,1,0,Check-Out,2015-10-19,14273
0,0,2015,December,50,10,0,1,1,0,0,BB       ,PRT,Corporate,Corporate,0,0,0,A               ,E               ,0,No Deposit     ,       NULL,144,0,Transient,25,0,0,Check-Out,2015-12-11,14695
0,7,2017,March,9,2,1,3,2,0,0,BB       ,GBR,Groups,Corporate,0,0,0,D               ,D               ,0,No Deposit     ,       NULL,223,0,Transient-Party,47,0,0,Check-Out,2017-03-06,14772
0,101,2016,October,43,20,1,3,1,0,0,BB       ,GBR,Groups,Corporate,0,0,0,A               ,A               ,1,No Deposit     ,       NULL,       NULL,0,Transient-Party,40,0,0,Check-Out,2016-10-24,15047
0,7,2015,October,41,9,0,2,2,0,0,BB       ,PRT,Corporate,Corporate,0,0,0,A               ,C               ,0,No Deposit     ,       NULL,       NULL,0,Contract,50,0,1,Check-Out,2015-10-11,15062
0,24,2015,December,52,21,1,1,1,0,0,BB       ,PRT,Corporate,Corporate,0,0,4,A               ,D               ,0,No Deposit     ,       NULL,113,0,Transient,35,0,0,Check-Out,2015-12-23,16053
0,21,2017,February,8,22,0,4,1,0,0,BB       ,GBR,Corporate,Corporate,0,0,0,A               ,A               ,0,No Deposit     ,       NULL,405,0,Transient-Party,36,0,0,Check-Out,2017-02-26,16457
1,13,2016,April,18,25,1,2,2,0,0,BB       ,PRT,Corporate,Corporate,0,0,0,E               ,E               ,0,No Deposit     ,       NULL,110,0,Transient,85,0,0,Canceled,2016-04-19,16681
0,0,2017,January,5,30,1,0,1,0,0,BB       ,PRT,Corporate,Corporate,0,0,0,A               ,D               ,0,No Deposit     ,510,       NULL,0,Transient,40,0,0,Check-Out,2017-01-31,17067
0,0,2017,February,8,20,1,1,1,0,0,BB       ,PRT,Corporate,Corporate,1,0,1,A               ,A               ,0,No Deposit     ,       NULL,12,0,Transient,35,0,0,Check-Out,2017-02-22,17290
0,7,2017,March,9,2,0,3,2,0,0,BB       ,NLD,Groups,Corporate,0,0,0,A               ,A               ,1,No Deposit     ,       NULL,223,0,Transient-Party,37,0,0,Check-Out,2017-03-05,17875
0,1,2016,December,51,14,0,1,1,0,0,BB       ,PRT,Corporate,Corporate,1,0,3,A               ,D               ,1,No Deposit     ,47,       NULL,0,Transient,30,0,0,Check-Out,2016-12-15,17880
0,386,2016,October,43,20,1,3,2,0,0,BB       ,GBR,Groups,Corporate,0,0,0,A               ,A               ,2,No Deposit     ,       NULL,       NULL,0,Transient-Party,49,0,0,Check-Out,2016-10-24,18485
0,0,2017,January,1,3,0,2,1,0,0,BB       ,PRT,Corporate,Corporate,0,0,0,A               ,D               ,0,No Deposit     ,       NULL,154,0,Transient,35,0,0,Check-Out,2017-01-05,18589
0,0,2017,January,3,16,1,1,1,0,0,BB       ,NULL,Corporate,Corporate,0,0,0,A               ,A               ,0,No Deposit     ,       NULL,154,0,Transient,35,0,0,Check-Out,2017-01-18,18740
0,2,2017,March,13,30,0,1,1,0,0,BB       ,NULL,Corporate,Corporate,0,0,3,A               ,A               ,0,No Deposit     ,       NULL,135,0,Transient,35,1,0,Check-Out,2017-03-31,19217
0,13,2017,January,4,24,0,2,1,0,0,BB       ,PRT,Corporate,Corporate,1,1,7,A               ,D               ,0,No Deposit     ,       NULL,86,0,Transient,35,0,0,Check-Out,2017-01-26,19437
0,2,2016,June,23,1,0,1,1,0,0,BB       ,PRT,Corporate,Corporate,0,0,0,A               ,A               ,0,No Deposit     ,       NULL,169,0,Transient,65,0,0,Check-Out,2016-06-02,19584
0,37,2015,August,34,16,1,0,1,0,0,BB       ,PRT,Groups,Corporate,0,0,0,A               ,A               ,0,No Deposit     ,       NULL,307,0,Transient,172,0,0,Check-Out,2015-08-17,20615
1,239,2017,April,16,22,2,5,3,0,0,FB       ,PRT,Groups,Corporate,0,0,0,C               ,C               ,0,No Deposit     ,       NULL,       NULL,0,Transient-Party,158,0,0,Canceled,2017-03-30,20822
0,6,2017,February,5,1,0,2,1,0,0,SC       ,NULL,Corporate,Corporate,0,0,1,A               ,I               ,0,No Deposit     ,       NULL,356,0,Transient-Party,0,0,1,Check-Out,2017-02-03,21483
0,7,2017,March,9,2,0,3,2,0,0,BB       ,CZE,Groups,Corporate,0,0,0,A               ,D               ,1,No Deposit     ,       NULL,223,0,Transient-Party,37,0,0,Check-Out,2017-03-05,21826
0,23,2017,January,4,25,0,1,1,0,0,BB       ,PRT,Corporate,Corporate,0,0,0,A               ,D               ,0,No Deposit     ,       NULL,331,0,Transient,35,0,0,Check-Out,2017-01-26,21953
0,22,2017,February,7,17,2,2,2,0,0,BB       ,GBR,Corporate,Corporate,0,0,0,D               ,D               ,0,No Deposit     ,       NULL,498,0,Transient-Party,48,0,0,Check-Out,2017-02-21,22003
1,40,2015,November,46,11,0,4,1,0,0,BB       ,PRT,Corporate,Corporate,0,0,0,A               ,A               ,0,No Deposit     ,281,       NULL,0,Transient-Party,40,0,0,Canceled,2015-10-10,22004
0,4,2015,December,49,1,0,2,2,0,0,BB       ,PRT,Corporate,Corporate,1,0,1,A               ,D               ,1,No Deposit     ,       NULL,       NULL,0,Transient,38,0,0,Check-Out,2015-12-03,22076
0,5,2016,January,5,26,0,3,1,0,0,BB       ,PRT,Corporate,Corporate,0,0,0,A               ,D               ,0,No Deposit     ,       NULL,       NULL,0,Transient,38,0,0,Check-Out,2016-01-29,22730
0,364,2016,October,42,12,1,4,2,0,0,BB       ,GBR,Groups,Corporate,0,0,0,A               ,A               ,1,No Deposit     ,       NULL,223,0,Transient-Party,66,0,0,Check-Out,2016-10-17,22780
0,7,2017,March,9,2,0,3,1,0,0,BB       ,GBR,Groups,Corporate,0,0,0,A               ,A               ,2,No Deposit     ,       NULL,223,0,Transient-Party,29,0,0,Check-Out,2017-03-05,23478
0,7,2017,March,9,2,1,3,1,0,0,BB       ,GBR,Groups,Corporate,0,0,0,A               ,A               ,1,No Deposit     ,       NULL,223,0,Transient-Party,29,0,0,Check-Out,2017-03-06,23771
0,285,2015,October,42,13,1,5,2,0,0,BB       ,GBR,Groups,Corporate,0,0,0,A               ,G               ,1,No Deposit     ,       NULL,223,0,Transient-Party,43.08,1,0,Check-Out,2015-10-19,24265
0,35,2016,June,27,29,0,1,1,0,0,BB       ,PRT,Corporate,Corporate,1,0,4,A               ,A               ,0,No Deposit     ,       NULL,154,0,Transient,58,0,0,Check-Out,2016-06-30,25150
0,0,2016,February,6,4,0,1,1,0,0,BB       ,PRT,Corporate,Corporate,0,0,0,A               ,D               ,0,No Deposit     ,       NULL,       NULL,0,Transient,39,0,0,Check-Out,2016-02-05,25283
0,3,2016,January,3,15,0,1,1,0,0,BB       ,PRT,Corporate,Corporate,0,0,1,A               ,D               ,0,No Deposit     ,       NULL,291,0,Transient,30,0,0,Check-Out,2016-01-16,25475
0,20,2016,September,40,30,0,2,2,0,0,BB       ,PRT,Direct,Corporate,0,0,4,F               ,F               ,1,No Deposit     ,       NULL,154,0,Transient,129.3,1,0,Check-Out,2016-10-02,25487
0,0,2017,April,14,3,1,1,1,0,0,BB       ,PRT,Corporate,Corporate,0,0,0,A               ,A               ,0,No Deposit     ,       NULL,195,0,Transient,45,0,0,Check-Out,2017-04-05,25526
0,0,2017,March,13,28,0,1,1,0,0,BB       ,PRT,Corporate,Corporate,1,0,7,A               ,A               ,0,No Deposit     ,       NULL,290,0,Transient,35,0,0,Check-Out,2017-03-29,25585
0,17,2017,January,4,28,0,1,2,0,0,BB       ,PRT,Groups,Corporate,0,0,0,A               ,C               ,0,Non Refund     ,       NULL,504,0,Transient-Party,36,0,0,Check-Out,2017-01-29,25877
0,386,2016,October,43,20,1,3,2,0,0,BB       ,GBR,Groups,Corporate,0,0,0,A               ,A               ,0,No Deposit     ,       NULL,       NULL,0,Transient-Party,49,0,0,Check-Out,2016-10-24,25882
0,0,2016,December,52,20,0,2,1,0,0,FB       ,MAR,Corporate,Corporate,0,0,0,A               ,A               ,2,No Deposit     ,       NULL,59,0,Transient,68,0,0,Check-Out,2016-12-22,26429
0,7,2016,January,4,18,1,3,1,0,0,BB       ,PRT,Corporate,Corporate,0,0,0,A               ,A               ,0,No Deposit     ,       NULL,94,0,Transient,27,0,0,Check-Out,2016-01-22,26468
0,5,2016,February,9,24,0,1,1,0,0,BB       ,PRT,Corporate,Corporate,0,0,3,A               ,A               ,0,No Deposit     ,       NULL,154,0,Transient,25,0,1,Check-Out,2016-02-25,26570
0,5,2017,March,9,1,0,1,1,0,0,BB       ,PRT,Corporate,Corporate,1,0,2,A               ,D               ,0,No Deposit     ,       NULL,331,0,Transient,38,0,0,Check-Out,2017-03-02,26721
0,364,2016,October,42,12,1,4,1,0,0,BB       ,GBR,Groups,Corporate,0,0,0,A               ,A               ,1,No Deposit     ,       NULL,223,0,Transient-Party,66,1,0,Check-Out,2016-10-17,26983
0,0,2015,November,48,26,0,1,1,0,0,BB       ,PRT,Corporate,Corporate,0,0,0,A               ,D               ,0,No Deposit     ,       NULL,       NULL,0,Transient,38,0,1,Check-Out,2015-11-27,26994
0,17,2017,February,8,21,0,1,1,0,0,BB       ,PRT,Corporate,Corporate,0,1,10,E               ,E               ,0,No Deposit     ,       NULL,292,0,Transient,58,1,1,Check-Out,2017-02-22,27016
0,386,2016,October,43,20,0,3,2,0,0,BB       ,GBR,Groups,Corporate,0,0,0,A               ,D               ,1,No Deposit     ,       NULL,       NULL,0,Transient-Party,49,0,0,Check-Out,2016-10-23,27274
0,36,2016,October,43,20,0,3,2,0,0,BB       ,GBR,Groups,Corporate,0,0,0,A               ,I               ,2,No Deposit     ,       NULL,       NULL,0,Transient-Party,55,0,0,Check-Out,2016-10-23,27518
0,12,2017,March,11,18,0,1,1,0,0,BB       ,GBR,Corporate,Corporate,0,0,0,A               ,A               ,0,No Deposit     ,       NULL,477,0,Transient-Party,60,0,0,Check-Out,2017-03-19,27553
0,4,2017,April,17,24,1,0,1,0,0,BB       ,PRT,Corporate,Corporate,0,0,0,A               ,D               ,1,No Deposit     ,       NULL,437,0,Transient,72,1,0,Check-Out,2017-04-25,27712
1,70,2017,February,8,22,0,4,2,0,0,BB       ,PRT,Corporate,Corporate,0,0,0,A               ,A               ,0,No Deposit     ,       NULL,405,0,Transient-Party,42,0,0,Canceled,2016-12-14,27834
0,33,2016,October,42,13,0,1,1,0,0,BB       ,PRT,Corporate,Corporate,0,0,0,A               ,F               ,0,No Deposit     ,       NULL,444,0,Transient-Party,40,0,0,Check-Out,2016-10-14,27885
0,1,2017,June,22,1,0,2,1,0,0,BB       ,PRT,Corporate,Corporate,0,0,0,A               ,A               ,1,No Deposit     ,       NULL,384,0,Transient-Party,75,0,0,Check-Out,2017-06-03,28339
1,106,2016,March,13,24,1,3,2,0,0,FB       ,PRT,Groups,Direct,0,0,0,A               ,A               ,0,Non Refund     ,68,       NULL,0,Transient,84,0,0,Canceled,2016-01-22,361
0,274,2017,August,33,16,2,4,2,1,0,HB       ,PRT,Direct,Direct,0,0,0,C               ,C               ,0,No Deposit     ,250,       NULL,0,Transient,224.1,1,3,Check-Out,2017-08-22,459
0,137,2015,July,28,11,2,5,2,0,0,BB       ,PRT,Direct,Direct,0,0,0,D               ,D               ,0,No Deposit     ,250,       NULL,0,Transient,130.9,1,0,Check-Out,2015-07-18,567
0,2,2017,August,35,31,0,3,2,0,0,Undefined,PRT,Direct,Direct,0,0,0,A               ,D               ,2,No Deposit     ,250,       NULL,0,Transient,245.33,0,2,Check-Out,2017-09-03,1069
1,113,2016,January,1,2,0,1,2,0,0,HB       ,PRT,Groups,Direct,0,0,0,A               ,A               ,0,Non Refund     ,305,       NULL,0,Transient,72,0,0,Canceled,2015-11-16,1189
0,12,2017,April,17,25,0,3,2,0,0,Undefined,PRT,Direct,Direct,0,0,0,E               ,E               ,0,No Deposit     ,250,       NULL,0,Transient,196,1,1,Check-Out,2017-04-28,1408
0,229,2017,August,31,4,2,5,2,1,0,BB       ,GBR,Direct,Direct,0,0,0,D               ,D               ,0,No Deposit     ,250,       NULL,0,Transient,169.28,0,0,Check-Out,2017-08-11,1446
0,80,2015,December,50,6,2,4,1,0,0,BB       ,PRT,Direct,Direct,0,0,0,A               ,D               ,0,No Deposit     ,250,       NULL,0,Transient,27.9,0,0,Check-Out,2015-12-12,1455
0,0,2015,December,53,28,1,0,1,0,0,BB       ,PRT,Direct,Direct,0,0,0,A               ,D               ,0,No Deposit     ,       NULL,       NULL,0,Transient,45,0,1,Check-Out,2015-12-29,1722
1,92,2016,May,21,18,0,2,2,0,0,BB       ,PRT,Direct,Direct,0,0,0,D               ,D               ,0,No Deposit     ,250,       NULL,0,Transient,67.2,0,0,Canceled,2016-04-05,2017
0,1,2016,August,33,11,0,1,1,0,0,BB       ,PRT,Direct,Direct,0,0,0,A               ,A               ,0,No Deposit     ,250,       NULL,0,Transient,149,0,0,Check-Out,2016-08-12,2176
0,212,2016,August,35,24,0,4,2,0,0,BB       ,ESP,Direct,Direct,0,0,0,A               ,A               ,1,No Deposit     ,       NULL,395,0,Transient,119,0,2,Check-Out,2016-08-28,2315
0,168,2016,March,14,30,1,4,1,0,0,BB       ,GBR,Groups,Direct,0,0,0,A               ,A               ,2,No Deposit     ,       NULL,223,0,Transient,60,0,0,Check-Out,2016-04-04,2335
0,96,2016,June,25,16,2,4,2,0,0,Undefined,PRT,Direct,Direct,0,0,0,E               ,E               ,2,No Deposit     ,250,       NULL,0,Transient,193.9,1,0,Check-Out,2016-06-22,2378
0,16,2015,July,28,9,1,3,1,0,0,BB       ,RUS,Direct,Direct,0,0,0,A               ,A               ,0,No Deposit     ,250,       NULL,0,Transient,98,0,1,Check-Out,2015-07-13,2480
0,0,2016,February,7,8,1,0,2,0,0,BB       ,NULL,Direct,Direct,0,0,0,E               ,E               ,0,No Deposit     ,       NULL,       NULL,0,Transient,65,0,0,Check-Out,2016-02-09,2588
0,0,2015,July,29,17,0,1,2,0,0,BB       ,ESP,Direct,Direct,0,0,0,F               ,F               ,0,No Deposit     ,       NULL,       NULL,0,Transient,179,0,0,Check-Out,2015-07-18,2602
0,24,2016,March,13,25,0,2,2,0,0,HB       ,PRT,Direct,Direct,0,0,0,F               ,F               ,0,No Deposit     ,250,       NULL,0,Transient,142,0,1,Check-Out,2016-03-27,2669
0,5,2017,January,2,9,1,3,1,0,0,BB       ,PRT,Direct,Direct,0,0,0,A               ,D               ,0,No Deposit     ,250,       NULL,0,Transient,39,0,0,Check-Out,2017-01-13,2852
0,48,2016,May,20,11,0,1,2,0,0,HB       ,FRA,Direct,Direct,0,0,0,A               ,A               ,0,No Deposit     ,       NULL,       NULL,0,Transient-Party,95,1,0,Check-Out,2016-05-12,3059
1,69,2017,July,30,28,2,3,2,0,0,HB       ,ESP,Direct,Direct,0,0,0,D               ,D               ,1,No Deposit     ,250,       NULL,0,Transient,257,0,0,Canceled,2017-06-10,3357
0,0,2016,August,35,26,0,1,2,0,0,BB       ,PRT,Direct,Direct,0,0,0,E               ,E               ,0,No Deposit     ,       NULL,       NULL,0,Transient,169,0,0,Check-Out,2016-08-27,3409
0,100,2016,October,41,6,1,3,2,0,0,BB       ,USA,Direct,Direct,0,0,0,G               ,G               ,0,No Deposit     ,250,       NULL,0,Transient,158.1,1,0,Check-Out,2016-10-10,3746
1,20,2016,September,40,25,2,2,2,0,0,BB       ,PRT,Direct,Direct,0,0,0,D               ,D               ,0,No Deposit     ,250,       NULL,0,Transient,162.1,0,0,Canceled,2016-09-05,3747
0,40,2017,January,3,16,1,1,1,0,0,Undefined,PRT,Groups,Direct,0,0,0,A               ,E               ,1,No Deposit     ,       NULL,       NULL,0,Transient-Party,55,0,0,Check-Out,2017-01-18,3967
0,23,2016,March,10,4,0,2,2,0,0,BB       ,PRT,Direct,Direct,0,0,0,A               ,D               ,0,No Deposit     ,       NULL,       NULL,0,Transient,60,0,0,Check-Out,2016-03-06,4171
0,61,2016,December,53,29,0,3,2,0,0,BB       ,PRT,Direct,Direct,0,0,0,D               ,D               ,0,No Deposit     ,       NULL,       NULL,0,Transient,154,1,1,Check-Out,2017-01-01,4401
0,0,2016,March,12,15,0,1,2,0,0,BB       ,NULL,Direct,Direct,0,0,0,A               ,A               ,1,No Deposit     ,       NULL,       NULL,0,Transient,40,0,0,Check-Out,2016-03-16,4544
0,2,2015,October,42,12,1,1,1,0,0,BB       ,PRT,Direct,Direct,0,0,0,A               ,A               ,0,No Deposit     ,250,       NULL,0,Transient,56,0,0,Check-Out,2015-10-14,4586
1,131,2016,December,53,28,2,8,1,0,0,Undefined,PRT,Direct,Direct,0,0,0,E               ,E               ,0,No Deposit     ,       NULL,       NULL,0,Transient,96,0,2,Canceled,2016-08-23,4769
0,0,2016,October,44,25,0,1,1,0,0,BB       ,NOR,Direct,Direct,0,0,0,A               ,A               ,0,No Deposit     ,       NULL,       NULL,0,Transient,61,0,0,Check-Out,2016-10-26,5203
0,0,2017,June,23,10,0,1,2,0,0,BB       ,FRA,Direct,Direct,0,0,0,A               ,C               ,0,No Deposit     ,       NULL,       NULL,0,Transient,135,0,0,Check-Out,2017-06-11,5243
1,45,2016,March,10,1,0,5,2,0,0,BB       ,PRT,Direct,Direct,0,0,0,A               ,A               ,0,No Deposit     ,250,       NULL,0,Transient,78,0,0,Canceled,2016-02-27,5705
0,0,2016,April,14,1,0,2,1,0,0,BB       ,PRT,Direct,Direct,0,0,0,D               ,D               ,0,No Deposit     ,       NULL,       NULL,0,Transient,75,0,0,Check-Out,2016-04-03,5776
0,0,2016,February,8,20,0,1,2,0,0,BB       ,SWE,Direct,Direct,0,0,0,A               ,E               ,0,No Deposit     ,       NULL,       NULL,0,Transient,65,0,0,Check-Out,2016-02-21,5942
0,4,2016,September,38,12,1,1,2,0,0,BB       ,PRT,Direct,Direct,0,0,0,A               ,C               ,0,No Deposit     ,       NULL,       NULL,0,Transient,98.1,1,0,Check-Out,2016-09-14,6206
0,223,2016,May,22,24,1,5,2,0,0,BB       ,GBR,Groups,Direct,0,0,0,A               ,E               ,1,No Deposit     ,       NULL,223,0,Transient-Party,66,0,0,Check-Out,2016-05-30,6350
1,96,2015,July,27,1,2,8,2,0,0,BB       ,PRT,Direct,Direct,0,0,0,E               ,E               ,0,No Deposit     ,       NULL,       NULL,0,Transient,108.3,0,2,Canceled,2015-05-29,6832
1,9,2016,April,18,24,1,0,2,0,0,BB       ,PRT,Direct,Direct,0,0,0,D               ,D               ,0,No Deposit     ,250,       NULL,0,Transient,81,0,0,Canceled,2016-04-20,6851
0,7,2017,May,22,31,0,3,1,0,0,BB       ,PRT,Direct,Direct,0,0,0,D               ,D               ,2,No Deposit     ,       NULL,       NULL,0,Transient,95,0,0,Check-Out,2017-06-03,6895
0,56,2015,August,33,10,1,4,2,1,1,BB       ,FRA,Direct,Direct,0,0,0,H               ,H               ,0,No Deposit     ,       NULL,       NULL,0,Transient,175,1,0,Check-Out,2015-08-15,7090
0,336,2016,September,38,15,0,3,2,0,0,BB       ,GBR,Groups,Direct,0,0,0,A               ,E               ,0,No Deposit     ,       NULL,223,0,Transient-Party,74,0,0,Check-Out,2016-09-18,7133
0,84,2017,April,16,18,1,5,2,0,0,BB       ,ITA,Direct,Direct,0,0,0,E               ,E               ,0,No Deposit     ,       NULL,       NULL,0,Transient,74.6,0,0,Check-Out,2017-04-24,7152
0,2,2015,November,48,28,0,1,2,0,0,BB       ,PRT,Direct,Direct,0,0,0,E               ,E               ,0,No Deposit     ,       NULL,       NULL,0,Transient,58,0,1,Check-Out,2015-11-29,7342
0,1,2015,December,49,4,2,2,2,0,0,BB       ,ESP,Direct,Direct,0,0,0,A               ,E               ,0,No Deposit     ,       NULL,       NULL,0,Transient,48,0,1,Check-Out,2015-12-08,7422
0,70,2016,December,53,28,0,4,2,0,0,BB       ,PRT,Complementary,Direct,1,0,1,E               ,E               ,1,No Deposit     ,       NULL,       NULL,0,Transient,0,0,2,Check-Out,2017-01-01,7432
0,22,2017,February,7,18,1,1,2,0,1,BB       ,PRT,Complementary,Direct,0,0,0,D               ,D               ,0,No Deposit     ,       NULL,       NULL,0,Transient,7,1,1,Check-Out,2017-02-20,7536
0,2,2017,June,25,23,0,1,2,0,0,BB       ,NLD,Direct,Direct,0,0,0,D               ,D               ,0,No Deposit     ,       NULL,       NULL,0,Transient,150,0,1,Check-Out,2017-06-24,7566
0,0,2017,January,2,12,0,1,2,0,0,BB       ,PRT,Direct,Direct,0,0,0,A               ,A               ,0,No Deposit     ,       NULL,       NULL,0,Transient,44,0,0,Check-Out,2017-01-13,7635
1,0,2016,September,37,9,0,1,2,1,0,BB       ,PRT,Direct,Direct,0,0,0,A               ,E               ,1,No Deposit     ,       NULL,       NULL,0,Transient,0,0,0,Canceled,2016-09-09,8050
0,0,2017,August,33,15,0,1,2,0,0,BB       ,ESP,Direct,Direct,0,0,0,D               ,D               ,0,No Deposit     ,       NULL,       NULL,0,Transient,194,0,0,Check-Out,2017-08-16,8157
1,56,2016,March,13,24,0,3,2,2,0,BB       ,PRT,Direct,Direct,0,0,0,G               ,G               ,0,No Deposit     ,250,       NULL,0,Transient,110,0,0,Canceled,2016-02-03,8271
0,2,2016,November,47,19,0,1,2,0,0,BB       ,PRT,Direct,Direct,0,0,0,F               ,F               ,0,No Deposit     ,250,       NULL,0,Transient,80,0,1,Check-Out,2016-11-20,8300
0,0,2016,July,28,8,0,1,2,0,0,BB       ,ARG,Direct,Direct,0,0,0,A               ,A               ,0,No Deposit     ,       NULL,       NULL,0,Transient,137,1,0,Check-Out,2016-07-09,8311
0,98,2016,August,34,15,1,5,2,0,0,BB       ,PRT,Direct,Direct,0,0,0,F               ,F               ,0,No Deposit     ,250,       NULL,0,Transient,238,1,0,Check-Out,2016-08-21,8386
0,0,2016,February,9,24,0,1,1,0,0,BB       ,PRT,Direct,Direct,0,0,0,A               ,A               ,0,No Deposit     ,       NULL,       NULL,0,Transient,45,0,0,Check-Out,2016-02-25,8591
0,40,2017,January,3,16,1,2,1,0,0,Undefined,PRT,Groups,Direct,0,0,0,A               ,A               ,0,No Deposit     ,       NULL,       NULL,0,Transient-Party,55,0,0,Check-Out,2017-01-19,8764
0,123,2016,February,9,27,1,1,2,0,0,FB       ,ESP,Groups,Direct,0,0,0,A               ,C               ,0,No Deposit     ,38,       NULL,0,Transient-Party,64,0,0,Check-Out,2016-02-29,8909
0,26,2016,September,38,12,1,2,2,0,0,HB       ,PRT,Direct,Direct,0,0,0,A               ,A               ,0,No Deposit     ,       NULL,       NULL,0,Transient,146.1,0,0,Check-Out,2016-09-15,9027
0,1,2015,October,40,3,0,1,1,0,0,BB       ,DEU,Direct,Direct,0,0,0,A               ,A               ,0,No Deposit     ,250,       NULL,0,Transient,90,0,0,Check-Out,2015-10-04,9127
0,63,2017,July,28,10,1,5,2,0,0,HB       ,ESP,Direct,Direct,0,0,0,F               ,F               ,1,No Deposit     ,250,       NULL,0,Transient,276.83,1,1,Check-Out,2017-07-16,9249
1,277,2015,October,41,5,4,10,2,0,0,HB       ,GBR,Groups,Direct,0,1,0,D               ,D               ,0,Non Refund     ,273,       NULL,0,Transient,78.5,0,0,Canceled,2015-10-02,9351
0,3,2015,December,52,25,0,2,2,0,0,BB       ,PRT,Direct,Direct,0,0,0,A               ,A               ,0,No Deposit     ,250,       NULL,0,Transient,50,0,1,Check-Out,2015-12-27,9458
0,0,2017,July,29,22,1,1,2,0,0,BB       ,ITA,Direct,Direct,0,0,0,A               ,A               ,1,No Deposit     ,       NULL,       NULL,0,Transient,170,0,0,Check-Out,2017-07-24,9552
0,9,2016,October,41,5,0,1,2,0,0,BB       ,PRT,Direct,Direct,0,0,0,D               ,D               ,0,No Deposit     ,250,       NULL,0,Transient,121,0,1,Check-Out,2016-10-06,9727
0,0,2017,February,8,22,0,1,2,0,0,BB       ,FIN,Direct,Direct,0,0,0,E               ,E               ,0,No Deposit     ,       NULL,       NULL,0,Transient,80,0,0,Check-Out,2017-02-23,9744
0,45,2015,December,52,24,0,2,2,0,0,BB       ,PRT,Direct,Direct,0,0,0,A               ,A               ,0,No Deposit     ,       NULL,       NULL,0,Transient,31,0,0,Check-Out,2015-12-26,9837
0,2,2015,October,44,31,0,1,2,0,0,BB       ,CHE,Groups,Direct,0,0,0,A               ,D               ,0,No Deposit     ,       NULL,       NULL,0,Transient,42,0,0,Check-Out,2015-11-01,9914
0,112,2015,December,53,30,0,3,2,0,0,Undefined,PRT,Groups,Direct,0,0,0,D               ,D               ,0,No Deposit     ,       NULL,       NULL,0,Transient-Party,237.33,0,0,Check-Out,2016-01-02,9950
0,231,2016,October,41,8,2,5,2,0,0,BB       ,GBR,Groups,Direct,0,0,0,D               ,D               ,0,No Deposit     ,273,       NULL,0,Transient-Party,71.36,0,0,Check-Out,2016-10-15,10383
0,70,2015,July,27,2,2,3,2,0,0,HB       ,ROU,Direct,Direct,0,0,0,E               ,E               ,0,No Deposit     ,250,       NULL,0,Transient,137,0,1,Check-Out,2015-07-07,10613
0,155,2015,October,44,31,1,1,2,0,0,BB       ,PRT,Groups,Direct,0,0,0,A               ,A               ,0,No Deposit     ,       NULL,       NULL,0,Transient,36,0,1,Check-Out,2015-11-02,10771
0,108,2017,April,16,21,4,7,2,0,0,BB       ,PRT,Online TA,Direct,0,0,0,E               ,E               ,2,No Deposit     ,       NULL,       NULL,0,Transient,85,0,5,Check-Out,2017-05-02,10987
0,1,2017,March,12,21,0,1,1,0,0,BB       ,NULL,Direct,Direct,0,0,3,A               ,C               ,0,No Deposit     ,       NULL,51,0,Transient,50,1,0,Check-Out,2017-03-22,11054
0,165,2017,July,27,3,1,3,2,1,0,HB       ,PRT,Direct,Direct,0,0,0,C               ,C               ,3,No Deposit     ,250,       NULL,0,Transient,172.2,0,3,Check-Out,2017-07-07,11078
0,0,2017,January,4,27,0,2,2,0,0,BB       ,ESP,Direct,Direct,0,0,0,H               ,H               ,0,No Deposit     ,       NULL,       NULL,0,Transient,105,1,0,Check-Out,2017-01-29,11238
0,25,2016,May,21,15,2,4,1,0,0,BB       ,IRL,Direct,Direct,0,0,0,F               ,F               ,0,No Deposit     ,       NULL,       NULL,0,Transient-Party,115,0,1,Check-Out,2016-05-21,11468
0,23,2016,August,36,28,2,1,2,2,0,BB       ,PRT,Direct,Direct,0,0,0,G               ,G               ,1,No Deposit     ,250,       NULL,0,Transient,283,1,0,Check-Out,2016-08-31,11481
1,219,2016,September,37,10,0,1,2,0,0,BB       ,PRT,Direct,Direct,0,0,0,E               ,E               ,0,No Deposit     ,250,       NULL,0,Transient,115,0,1,Canceled,2016-08-17,11643
0,43,2016,January,5,28,0,3,2,2,0,BB       ,POL,Direct,Direct,0,0,0,C               ,C               ,2,No Deposit     ,250,       NULL,0,Transient,56,0,0,Check-Out,2016-01-31,11934
0,0,2017,January,3,20,0,1,2,0,0,BB       ,PRT,Direct,Direct,0,0,0,A               ,A               ,0,No Deposit     ,       NULL,       NULL,0,Transient,45,0,0,Check-Out,2017-01-21,12088
0,20,2017,June,26,25,2,1,1,0,0,BB       ,GBR,Direct,Direct,0,0,0,A               ,A               ,0,No Deposit     ,250,       NULL,0,Transient,145,0,1,Check-Out,2017-06-28,12308
0,11,2016,June,25,13,1,0,1,1,0,BB       ,PRT,Direct,Direct,0,0,0,C               ,C               ,1,No Deposit     ,250,       NULL,0,Transient,165,0,0,Check-Out,2016-06-14,12397
0,0,2016,March,13,23,0,1,1,0,0,BB       ,PRT,Online TA,Direct,1,0,7,A               ,A               ,0,No Deposit     ,314,       NULL,0,Transient,42.4,0,0,Check-Out,2016-03-24,12406
1,40,2017,January,3,16,1,2,1,0,0,Undefined,PRT,Groups,Direct,0,0,0,A               ,A               ,0,No Deposit     ,       NULL,       NULL,0,Transient-Party,55,0,0,Canceled,2017-01-05,12445
0,174,2017,August,32,9,0,3,3,0,0,BB       ,ESP,Direct,Direct,0,0,0,D               ,D               ,0,No Deposit     ,250,       NULL,0,Transient-Party,244,1,1,Check-Out,2017-08-12,12462
0,161,2017,July,31,30,2,5,2,0,0,BB       ,CHE,Direct,Direct,0,0,0,F               ,F               ,0,No Deposit     ,250,       NULL,0,Transient,239,1,1,Check-Out,2017-08-06,12608
0,115,2016,November,47,17,1,3,2,0,0,BB       ,IRL,Groups,Direct,0,0,0,A               ,A               ,1,No Deposit     ,       NULL,       NULL,0,Transient-Party,34,0,0,Check-Out,2016-11-21,12844
0,0,2016,December,50,8,0,3,2,0,0,BB       ,PRT,Direct,Direct,1,0,3,E               ,E               ,2,No Deposit     ,       NULL,       NULL,0,Transient,62.2,0,0,Check-Out,2016-12-11,13394
0,26,2015,November,45,7,2,5,3,0,0,BB       ,ESP,Direct,Direct,0,0,0,G               ,G               ,2,No Deposit     ,250,       NULL,0,Transient,97.3,0,1,Check-Out,2015-11-14,13403
1,155,2015,October,44,31,1,1,2,0,0,BB       ,PRT,Groups,Direct,0,0,0,A               ,A               ,0,No Deposit     ,       NULL,       NULL,0,Transient,36,0,0,Canceled,2015-10-31,13405
0,9,2016,July,28,3,2,4,2,2,0,BB       ,PRT,Direct,Direct,0,0,0,C               ,C               ,0,No Deposit     ,       NULL,       NULL,0,Transient,168,0,0,Check-Out,2016-07-09,13521
0,155,2017,August,32,11,2,2,2,0,0,HB       ,PRT,Direct,Direct,0,0,0,D               ,D               ,1,No Deposit     ,250,       NULL,0,Transient-Party,225.5,0,1,Check-Out,2017-08-15,13602
0,1,2015,September,39,22,0,3,2,0,0,BB       ,PRT,Direct,Direct,0,0,0,E               ,E               ,0,No Deposit     ,       NULL,       NULL,0,Transient,129,1,0,Check-Out,2015-09-25,13767
0,133,2016,August,32,4,3,8,2,1,0,BB       ,PRT,Direct,Direct,0,0,0,F               ,F               ,0,No Deposit     ,       NULL,       NULL,0,Transient-Party,216.66,0,0,Check-Out,2016-08-15,13854
0,0,2015,November,47,16,1,0,1,0,0,BB       ,PRT,Direct,Direct,0,0,0,A               ,D               ,0,No Deposit     ,       NULL,       NULL,0,Transient,38,0,0,Check-Out,2015-11-17,13980
0,0,2017,March,9,1,0,1,1,0,0,BB       ,NULL,Direct,Direct,0,0,2,A               ,A               ,1,No Deposit     ,       NULL,178,0,Transient,0,0,0,Check-Out,2017-03-02,14290
0,68,2015,August,36,30,2,4,2,0,0,BB       ,PRT,Direct,Direct,0,0,0,D               ,D               ,0,No Deposit     ,250,       NULL,0,Transient,115,1,1,Check-Out,2015-09-05,14383
0,64,2016,April,18,27,0,3,2,0,0,Undefined,PRT,Groups,Direct,0,0,0,A               ,A               ,0,No Deposit     ,385,       NULL,52,Transient-Party,85.33,0,0,Check-Out,2016-04-30,14450
0,75,2016,August,34,20,2,1,2,0,0,BB       ,FRA,Direct,Direct,0,0,0,E               ,E               ,0,No Deposit     ,       NULL,       NULL,0,Transient,191,0,1,Check-Out,2016-08-23,14523
0,21,2015,December,49,2,0,1,2,0,0,BB       ,GBR,Online TA,TA/TO,0,0,0,E               ,E               ,0,No Deposit     ,240,       NULL,0,Transient,61.2,0,2,Check-Out,2015-12-03,4
1,154,2017,July,28,9,2,0,2,0,0,BB       ,GBR,Online TA,TA/TO,0,0,0,D               ,D               ,0,No Deposit     ,240,       NULL,0,Transient,140,0,0,Canceled,2017-06-22,15
0,179,2017,August,31,3,2,5,2,0,0,BB       ,PRT,Online TA,TA/TO,0,0,0,E               ,E               ,1,No Deposit     ,240,       NULL,0,Transient,212.29,0,2,Check-Out,2017-08-10,37
0,121,2017,August,31,5,2,3,2,0,0,BB       ,GEO,Online TA,TA/TO,0,0,0,D               ,D               ,0,No Deposit     ,240,       NULL,0,Transient-Party,239,0,1,Check-Out,2017-08-10,49
1,107,2016,May,23,29,4,6,2,0,0,BB       ,PRT,Offline TA/TO,TA/TO,0,0,0,E               ,E               ,0,No Deposit     ,314,       NULL,0,Transient,79.2,0,0,Canceled,2016-05-26,54
0,91,2017,June,25,23,2,5,2,0,0,BB       ,GBR,Offline TA/TO,TA/TO,0,0,0,D               ,D               ,0,No Deposit     ,40,       NULL,0,Contract,70.4,0,0,Check-Out,2017-06-30,112
1,175,2017,March,13,29,0,4,2,0,0,BB       ,PRT,Online TA,TA/TO,0,0,0,A               ,A               ,0,No Deposit     ,240,       NULL,0,Transient,41.85,0,1,Canceled,2016-10-07,121
1,112,2016,August,34,17,2,4,2,0,0,BB       ,PRT,Online TA,TA/TO,0,0,0,A               ,A               ,0,No Deposit     ,240,       NULL,0,Transient,179,0,1,Canceled,2016-07-18,140
0,44,2015,October,43,19,2,5,3,0,0,HB       ,GBR,Offline TA/TO,TA/TO,0,0,0,A               ,A               ,0,No Deposit     ,26,       NULL,0,Transient,96.21,0,1,Check-Out,2015-10-26,162
0,0,2016,January,4,20,0,1,2,0,0,BB       ,PRT,Online TA,TA/TO,1,0,3,D               ,D               ,0,No Deposit     ,240,       NULL,0,Transient,48,0,1,Check-Out,2016-01-21,164
0,156,2017,March,12,19,2,5,2,0,0,BB       ,DEU,Groups,TA/TO,0,0,0,A               ,A               ,1,No Deposit     ,177,       NULL,60,Transient-Party,34,0,0,Check-Out,2017-03-26,250
1,50,2016,December,51,15,1,3,2,0,0,BB       ,GBR,Online TA,TA/TO,0,0,0,A               ,A               ,0,No Deposit     ,240,       NULL,0,Transient,48,0,1,Canceled,2016-11-03,259
1,234,2017,July,28,11,2,6,2,0,0,HB       ,GBR,Online TA,TA/TO,0,0,0,E               ,E               ,0,No Deposit     ,240,       NULL,0,Transient,218,0,2,Canceled,2017-01-11,329
0,80,2015,July,31,31,2,4,2,0,0,BB       ,BEL,Online TA,TA/TO,0,0,0,E               ,E               ,0,No Deposit     ,240,       NULL,0,Transient,170.33,1,1,Check-Out,2015-08-06,432
1,190,2015,September,37,10,2,8,2,0,0,BB       ,GBR,Offline TA/TO,TA/TO,0,1,0,A               ,A               ,0,No Deposit     ,134,       NULL,0,Transient,58.95,0,0,Canceled,2015-08-31,497
0,66,2017,March,13,31,1,2,2,0,0,BB       ,FRA,Online TA,TA/TO,0,0,0,D               ,D               ,0,No Deposit     ,240,       NULL,0,Transient,68.33,1,2,Check-Out,2017-04-03,503
0,54,2015,August,34,18,0,5,2,0,0,HB       ,ESP,Online TA,TA/TO,0,0,0,A               ,A               ,0,No Deposit     ,241,       NULL,0,Transient,151.23,0,1,Check-Out,2015-08-23,579
1,95,2017,May,19,13,1,1,2,0,0,BB       ,ESP,Online TA,TA/TO,0,0,0,E               ,E               ,0,No Deposit     ,240,       NULL,0,Transient,115,0,1,Canceled,2017-02-07,607
0,254,2015,September,37,12,2,2,2,0,0,BB       ,CN,Groups,TA/TO,0,0,0,A               ,A               ,0,No Deposit     ,15,       NULL,0,Transient-Party,36,0,0,Check-Out,2015-09-16,652
1,139,2016,July,30,22,2,5,2,0,0,BB       ,IRL,Online TA,TA/TO,0,0,0,E               ,E               ,0,No Deposit     ,240,       NULL,0,Transient,195,0,2,Canceled,2016-03-08,665
0,100,2016,October,40,1,0,1,2,0,0,BB       ,CHE,Offline TA/TO,TA/TO,0,0,0,D               ,A               ,0,No Deposit     ,251,       NULL,0,Transient,59,0,0,Check-Out,2016-10-02,706
0,236,2017,June,23,10,4,7,2,0,0,HB       ,PRT,Online TA,TA/TO,0,0,0,E               ,E               ,1,No Deposit     ,314,       NULL,0,Transient-Party,113.68,0,0,Check-Out,2017-06-21,726
0,62,2017,March,13,29,1,4,2,0,0,BB       ,IRL,Online TA,TA/TO,0,0,0,A               ,A               ,0,No Deposit     ,241,       NULL,0,Transient,36.96,0,1,Check-Out,2017-04-03,841
0,112,2017,March,11,13,1,0,2,0,0,BB       ,CHN,Groups,TA/TO,0,0,0,E               ,E               ,0,No Deposit     ,66,       NULL,0,Transient-Party,50,0,0,Check-Out,2017-03-14,945
0,292,2015,October,43,21,0,2,2,0,0,HB       ,FRA,Offline TA/TO,TA/TO,0,0,0,A               ,D               ,1,No Deposit     ,208,       NULL,0,Transient-Party,70,0,0,Check-Out,2015-10-23,986
0,0,2016,February,9,25,0,1,2,0,0,BB       ,PRT,Offline TA/TO,TA/TO,0,0,0,A               ,D               ,0,No Deposit     ,127,       NULL,0,Transient,34.4,0,0,Check-Out,2016-02-26,1018
0,59,2016,November,47,18,1,2,2,0,0,HB       ,ESP,Online TA,TA/TO,0,0,0,A               ,A               ,1,No Deposit     ,339,       NULL,0,Transient,51.84,0,0,Check-Out,2016-11-21,1051
1,83,2017,May,18,3,0,4,2,0,0,HB       ,DEU,Online TA,TA/TO,0,0,0,E               ,E               ,0,No Deposit     ,240,       NULL,0,Transient,147,0,0,Canceled,2017-02-09,1090
0,42,2016,August,32,5,2,2,2,1,0,HB       ,ESP,Offline TA/TO,TA/TO,0,0,0,A               ,D               ,0,No Deposit     ,196,       NULL,0,Transient,218.51,0,0,Check-Out,2016-08-09,1099
1,22,2016,December,50,8,0,3,2,0,0,Undefined,PRT,Groups,TA/TO,0,0,0,A               ,A               ,0,No Deposit     ,38,       NULL,0,Transient-Party,80,0,0,Canceled,2016-12-03,1105
0,76,2015,November,45,1,2,3,2,0,0,HB       ,GBR,Offline TA/TO,TA/TO,0,0,0,D               ,D               ,0,No Deposit     ,156,       NULL,0,Contract,55.04,0,0,Check-Out,2015-11-06,1121
0,137,2015,September,37,7,3,7,2,0,0,HB       ,GBR,Offline TA/TO,TA/TO,0,0,0,D               ,D               ,0,No Deposit     ,2,       NULL,0,Transient,89.55,0,0,Check-Out,2015-09-17,1128
0,78,2017,March,12,21,0,4,2,0,0,BB       ,EST,Online TA,TA/TO,0,0,0,D               ,D               ,0,No Deposit     ,240,       NULL,0,Transient,70,0,1,Check-Out,2017-03-25,1170
0,47,2017,June,24,16,2,3,2,0,0,HB       ,IRL,Online TA,TA/TO,0,0,0,A               ,A               ,0,No Deposit     ,240,       NULL,0,Transient,174.8,1,1,Check-Out,2017-06-21,1215
1,201,2017,August,32,12,2,1,2,0,0,FB       ,PRT,Offline TA/TO,TA/TO,0,0,0,A               ,A               ,0,No Deposit     ,6,       NULL,0,Transient,155.7,0,0,Canceled,2017-07-07,1227
0,79,2017,August,33,18,2,4,2,0,0,BB       ,BEL,Online TA,TA/TO,0,0,0,E               ,E               ,1,No Deposit     ,240,       NULL,0,Transient,284,1,2,Check-Out,2017-08-24,1249
1,253,2017,July,29,17,3,10,2,0,0,HB       ,FRA,Online TA,TA/TO,0,0,0,D               ,D               ,0,No Deposit     ,240,       NULL,0,Transient,186.74,0,2,Canceled,2016-11-11,1289
0,1,2015,August,36,30,2,0,3,0,0,HB       ,PRT,Online TA,TA/TO,0,0,0,A               ,A               ,1,No Deposit     ,240,       NULL,0,Transient,192.6,0,3,Check-Out,2015-09-01,1297
1,155,2017,May,22,30,0,3,2,0,0,BB       ,CN,Online TA,TA/TO,0,0,0,E               ,E               ,0,No Deposit     ,240,       NULL,0,Transient,123.33,0,2,Canceled,2017-01-15,1337
0,33,2015,December,50,12,2,5,2,0,0,HB       ,FRA,Offline TA/TO,TA/TO,0,0,0,A               ,D               ,1,No Deposit     ,6,       NULL,0,Transient,49.4,0,0,Check-Out,2015-12-19,1439
0,112,2017,August,34,24,2,5,1,0,0,HB       ,GBR,Offline TA/TO,TA/TO,0,0,0,A               ,A               ,0,No Deposit     ,40,       NULL,0,Contract,131.5,0,2,Check-Out,2017-08-31,1474
0,0,2016,February,6,4,0,1,2,0,0,BB       ,PRT,Offline TA/TO,TA/TO,0,0,1,D               ,D               ,0,No Deposit     ,314,       NULL,0,Transient,46.4,0,0,Check-Out,2016-02-05,1507
1,4,2015,October,41,7,0,1,1,0,0,BB       ,PRT,Online TA,TA/TO,0,0,0,A               ,A               ,0,No Deposit     ,240,       NULL,0,Transient,58,0,3,Canceled,2015-10-05,1534
1,47,2017,January,3,20,0,2,2,0,0,BB       ,ESP,Online TA,TA/TO,0,0,0,A               ,A               ,0,No Deposit     ,240,       NULL,0,Transient,42,0,2,Canceled,2016-12-09,1536
0,178,2016,August,34,14,2,5,2,0,0,Undefined,PRT,Offline TA/TO,TA/TO,0,0,0,A               ,A               ,0,No Deposit     ,314,       NULL,0,Transient,165.2,0,0,Check-Out,2016-08-21,1543
1,140,2016,February,7,12,0,2,2,0,0,HB       ,PRT,Groups,TA/TO,0,0,0,A               ,A               ,0,Non Refund     ,       NULL,       NULL,0,Transient,50,0,0,Canceled,2015-12-11,1570
0,97,2016,May,22,24,0,2,2,0,0,BB       ,PRT,Online TA,TA/TO,0,0,0,A               ,H               ,0,No Deposit     ,240,       NULL,0,Transient,64,1,0,Check-Out,2016-05-26,1582
0,335,2017,July,27,4,2,8,2,0,0,HB       ,GBR,Offline TA/TO,TA/TO,0,0,0,D               ,D               ,0,No Deposit     ,40,       NULL,0,Contract,154.5,0,0,Check-Out,2017-07-14,1602
1,75,2016,August,34,16,0,3,2,0,0,BB       ,ESP,Online TA,TA/TO,0,0,0,E               ,E               ,0,No Deposit     ,240,       NULL,0,Transient,217.33,0,0,Canceled,2016-06-13,1700
0,0,2015,October,41,4,1,0,2,0,0,BB       ,PRT,Online TA,TA/TO,0,0,0,D               ,D               ,0,No Deposit     ,240,       NULL,0,Transient-Party,66,0,0,Check-Out,2015-10-05,1708
1,225,2017,August,32,8,0,4,2,0,0,BB       ,FRA,Online TA,TA/TO,0,0,0,E               ,E               ,0,No Deposit     ,240,       NULL,0,Transient,206,0,2,Canceled,2017-01-12,1728
0,3,2016,July,30,23,2,1,2,0,0,BB       ,ESP,Online TA,TA/TO,0,0,0,A               ,A               ,0,No Deposit     ,240,       NULL,0,Transient,189,0,2,Check-Out,2016-07-26,1750
1,113,2016,November,45,2,0,2,2,0,0,BB       ,CHE,Online TA,TA/TO,0,0,0,A               ,A               ,0,No Deposit     ,240,       NULL,0,Transient,37.8,0,2,Canceled,2016-09-30,1869
0,258,2015,September,38,17,0,2,2,0,0,HB       ,FRA,Groups,TA/TO,0,0,0,A               ,C               ,1,No Deposit     ,245,       NULL,0,Transient-Party,78.3,0,1,Check-Out,2015-09-19,1902
0,11,2017,July,27,8,0,1,2,0,0,BB       ,PRT,Online TA,TA/TO,0,0,0,D               ,D               ,0,No Deposit     ,240,       NULL,0,Transient,194,1,1,Check-Out,2017-07-09,1902
0,1,2016,November,48,26,0,0,2,0,0,BB       ,PRT,Online TA,TA/TO,0,0,0,E               ,E               ,0,No Deposit     ,240,       NULL,0,Transient,0,0,0,Check-Out,2016-11-26,1914
1,471,2017,May,20,20,2,5,2,0,0,BB       ,PRT,Groups,TA/TO,0,0,0,A               ,A               ,0,Non Refund     ,96,       NULL,0,Transient,47,0,0,Canceled,2017-05-03,1920
1,41,2016,August,35,27,2,1,3,1,0,HB       ,GBR,Online TA,TA/TO,0,0,0,H               ,H               ,0,No Deposit     ,240,       NULL,0,Transient,322,0,0,Canceled,2016-07-17,1921
0,104,2017,August,31,3,2,7,2,1,0,BB       ,NLD,Online TA,TA/TO,0,0,0,A               ,A               ,2,No Deposit     ,240,       NULL,0,Transient,255,0,2,Check-Out,2017-08-12,1954
0,128,2016,December,50,8,0,3,2,0,0,BB       ,GBR,Online TA,TA/TO,0,0,0,D               ,D               ,0,No Deposit     ,241,       NULL,0,Transient,36.04,0,2,Check-Out,2016-12-11,1980
1,142,2016,July,28,8,2,7,2,0,0,BB       ,PRT,Online TA,TA/TO,0,0,0,A               ,A               ,0,No Deposit     ,240,       NULL,0,Transient,121.33,0,1,Canceled,2016-02-22,2014
0,234,2016,October,44,23,2,5,2,0,0,HB       ,GBR,Offline TA/TO,TA/TO,0,0,0,A               ,A               ,0,No Deposit     ,243,       NULL,0,Contract,39.4,0,2,Check-Out,2016-10-30,2036
1,94,2015,December,52,21,3,6,2,2,0,BB       ,PRT,Online TA,TA/TO,0,0,0,C               ,C               ,0,No Deposit     ,241,       NULL,0,Transient,38.81,0,1,Canceled,2015-09-22,2046
1,182,2016,June,23,3,1,2,2,0,0,HB       ,PRT,Groups,TA/TO,0,0,0,A               ,A               ,0,Non Refund     ,248,       NULL,0,Transient,97.3,0,0,Canceled,2016-01-20,2050
0,42,2015,July,31,31,0,0,1,0,0,BB       ,PRT,Offline TA/TO,TA/TO,0,0,0,A               ,I               ,0,No Deposit     ,142,       NULL,0,Contract,0,0,0,Check-Out,2015-07-31,2065
0,10,2016,September,40,30,0,2,2,0,0,BB       ,ESP,Online TA,TA/TO,0,0,0,E               ,E               ,2,No Deposit     ,240,       NULL,0,Transient,151,1,1,Check-Out,2016-10-02,2092
0,75,2016,March,13,24,0,3,2,0,0,BB       ,PRT,Online TA,TA/TO,0,0,0,E               ,E               ,0,No Deposit     ,240,       NULL,0,Transient,79.2,0,1,Check-Out,2016-03-27,2153
0,7,2016,September,38,11,2,2,2,0,0,BB       ,POL,Online TA,TA/TO,0,0,0,A               ,A               ,0,No Deposit     ,240,       NULL,0,Transient,126,1,2,Check-Out,2016-09-15,2215
0,72,2015,August,33,9,2,5,2,0,0,HB       ,PRT,Offline TA/TO,TA/TO,0,0,0,A               ,A               ,0,No Deposit     ,149,       NULL,0,Transient,133,1,2,Check-Out,2015-08-16,2253
1,120,2016,May,20,14,2,5,2,0,0,BB       ,PRT,Online TA,TA/TO,0,0,0,D               ,D               ,0,No Deposit     ,240,       NULL,0,Transient,73,0,3,Canceled,2016-02-12,2386
1,36,2016,June,25,12,2,0,2,2,0,BB       ,ESP,Online TA,TA/TO,0,0,0,G               ,G               ,0,No Deposit     ,240,       NULL,0,Transient,189,0,0,Canceled,2016-05-08,2420
1,135,2016,August,34,15,1,4,2,0,0,HB       ,ESP,Online TA,TA/TO,0,0,0,A               ,A               ,0,No Deposit     ,240,       NULL,0,Transient,246,0,0,Canceled,2016-04-02,2471
0,7,2016,September,37,9,1,2,2,0,0,BB       ,ESP,Online TA,TA/TO,0,0,0,D               ,D               ,1,No Deposit     ,240,       NULL,0,Transient,172.67,1,1,Check-Out,2016-09-12,2471
0,182,2017,July,29,17,2,5,2,0,0,HB       ,ESP,Online TA,TA/TO,0,0,0,A               ,A               ,3,No Deposit     ,240,       NULL,0,Transient,152.15,0,1,Check-Out,2017-07-24,2496
0,46,2017,February,8,25,2,1,2,0,0,BB       ,PRT,Online TA,TA/TO,0,0,0,D               ,D               ,0,No Deposit     ,240,       NULL,0,Transient,58,0,2,Check-Out,2017-02-28,2531
0,164,2016,August,33,11,4,9,2,0,0,BB       ,PRT,Online TA,TA/TO,0,0,1,A               ,A               ,0,No Deposit     ,240,       NULL,0,Transient,178.15,1,2,Check-Out,2016-08-24,2570
1,199,2016,August,32,6,2,1,2,1,0,BB       ,PRT,Online TA,TA/TO,0,0,0,H               ,H               ,0,No Deposit     ,240,       NULL,0,Transient,262,0,0,Canceled,2016-01-25,2576
0,112,2016,February,7,12,0,2,2,0,0,Undefined,ESP,Groups,TA/TO,0,0,0,A               ,A               ,0,No Deposit     ,134,       NULL,0,Transient-Party,70,0,0,Check-Out,2016-02-14,2584
0,0,2015,November,48,27,0,2,1,0,0,BB       ,GBR,Online TA,TA/TO,0,0,0,A               ,A               ,0,No Deposit     ,240,       NULL,0,Transient,40,0,1,Check-Out,2015-11-29,2626
0,170,2017,May,22,28,2,2,1,0,0,BB       ,PRT,Offline TA/TO,TA/TO,0,0,0,A               ,A               ,1,No Deposit     ,410,       NULL,0,Transient,55.5,0,1,Check-Out,2017-06-01,2649
1,103,2016,February,7,9,0,2,2,0,0,HB       ,PRT,Groups,TA/TO,0,0,0,A               ,A               ,0,No Deposit     ,332,       NULL,0,Transient-Party,50,0,0,Canceled,2016-01-16,2709
0,81,2016,July,31,29,2,4,3,1,0,BB       ,PRT,Online TA,TA/TO,0,0,0,H               ,H               ,0,No Deposit     ,240,       NULL,0,Transient,265.83,0,0,Check-Out,2016-08-04,2797
1,19,2015,November,45,7,0,1,2,1,0,BB       ,PRT,Offline TA/TO,TA/TO,0,0,0,A               ,D               ,0,No Deposit     ,15,       NULL,0,Transient,32.62,0,1,Canceled,2015-11-04,2889
1,304,2017,June,23,8,2,3,1,0,0,HB       ,PRT,Groups,TA/TO,0,0,0,A               ,A               ,0,Non Refund     ,298,       NULL,0,Transient,74,0,0,Canceled,2017-04-05,2907
1,156,2016,September,36,2,2,5,2,0,0,BB       ,PRT,Offline TA/TO,TA/TO,0,0,0,E               ,E               ,0,No Deposit     ,171,       NULL,0,Transient,98,0,0,Canceled,2016-06-30,2924
0,99,2016,April,18,27,2,7,2,0,0,HB       ,NLD,Groups,TA/TO,0,0,0,A               ,I               ,9,No Deposit     ,95,       NULL,0,Transient-Party,71.89,0,0,Check-Out,2016-05-06,2950
0,335,2017,June,25,21,4,10,2,0,0,BB       ,PRT,Direct,TA/TO,1,0,1,D               ,D               ,0,No Deposit     ,       NULL,       NULL,0,Transient,92,0,2,Check-Out,2017-07-05,2969
0,39,2016,August,35,21,3,5,2,0,0,HB       ,IRL,Online TA,TA/TO,0,0,0,E               ,E               ,0,No Deposit     ,240,       NULL,0,Transient,270.38,0,2,Check-Out,2016-08-29,2987
0,81,2016,March,11,9,0,3,3,0,0,HB       ,GBR,Groups,TA/TO,0,0,0,A               ,C               ,0,No Deposit     ,115,       NULL,0,Transient-Party,86.55,0,0,Check-Out,2016-03-12,3017
0,62,2016,June,23,2,0,1,2,0,0,BB       ,PRT,Online TA,TA/TO,0,0,0,A               ,A               ,0,No Deposit     ,240,       NULL,0,Transient-Party,128,0,0,Check-Out,2016-06-03,3043
0,206,2016,April,17,21,0,3,2,0,0,BB       ,ITA,Online TA,TA/TO,0,0,0,A               ,A               ,1,No Deposit     ,240,       NULL,0,Transient-Party,52.98,1,2,Check-Out,2016-04-24,3044
1,321,2017,June,23,5,2,5,2,0,0,BB       ,IRL,Online TA,TA/TO,0,0,0,A               ,A               ,2,No Deposit     ,240,       NULL,0,Transient,74.25,0,1,Canceled,2017-04-04,3048
0,226,2017,March,12,25,2,2,2,0,0,BB       ,IRL,Online TA,TA/TO,0,0,0,A               ,A               ,0,No Deposit     ,314,       NULL,0,Transient-Party,30.24,0,1,Check-Out,2017-03-29,3097
0,7,2015,October,43,24,0,1,1,0,0,BB       ,PRT,Online TA,TA/TO,0,0,0,A               ,A               ,0,No Deposit     ,240,       NULL,0,Transient,58,1,2,Check-Out,2015-10-25,3111
0,15,2015,July,29,17,0,2,2,0,0,BB       ,PRT,Online TA,TA/TO,0,0,0,A               ,E               ,0,No Deposit     ,240,       NULL,0,Transient,120.6,0,1,Check-Out,2015-07-19,3129
0,29,2016,May,19,2,1,2,2,0,0,BB       ,ITA,Online TA,TA/TO,0,0,0,E               ,E               ,0,No Deposit     ,240,       NULL,0,Transient,95,0,1,Check-Out,2016-05-05,3134
0,148,2017,March,10,11,2,5,2,0,0,BB       ,DEU,Groups,TA/TO,0,0,0,A               ,A               ,0,No Deposit     ,177,       NULL,60,Transient-Party,34,0,0,Check-Out,2017-03-18,3149
0,19,2017,January,5,29,4,7,1,0,0,BB       ,ITA,Online TA,TA/TO,0,0,0,A               ,F               ,0,No Deposit     ,314,       NULL,0,Transient-Party,64.4,0,0,Check-Out,2017-02-09,3190
0,93,2015,October,43,23,2,2,2,0,0,BB       ,GBR,Online TA,TA/TO,0,0,0,A               ,A               ,0,No Deposit     ,241,       NULL,0,Transient,34.65,0,1,Check-Out,2015-10-27,3201
0,160,2016,August,35,27,2,5,2,0,0,BB       ,IRL,Online TA,TA/TO,0,0,0,A               ,A               ,0,No Deposit     ,314,       NULL,0,Transient,113.91,0,0,Check-Out,2016-09-03,3202
